numero_pedido;data_pedido;cliente_nome;cliente_email;produto;quantidade;valor_unitario;valor_total
1634070;2026-03-06;Luna Da Mota;teixeiracecilia@example.com;Nulla;11;131.00;1441.00
0940990;2026-08-04;Dr. Davi Lucas Macedo;scardoso@example.org;Quaerat;3;359.90;1079.70
4261377;2024-11-13;Luiz Henrique Barbosa;maria-julia79@example.org;Ratione;16;320.40;5126.40
5927541;2026-03-02;Bernardo Duarte;guerraamanda@example.net;Accusantium;18;167.49;3014.82
0881021;2025-07-11;Rael Pastor;ana-julia09@example.com;Occaecati;14;161.62;2262.68
5646039;2024-10-07;Davi Luiz Costa;pimentaenzo@example.net;Expedita;12;182.22;2186.64
4289062;2026-02-17;Luiz Otávio Cassiano;montenegroliam@example.com;Reprehenderit;1;14.58;14.58
4156090;2025-03-08;Sabrina Araújo;vicentelima@example.org;Labore;4;266.99;1067.96
1046482;2025-07-11;Dr. Yuri Cunha;anthony-gabriel79@example.com;Ea;11;89.32;982.52
0083358;2026-03-15;Lucca Moura;da-cunhaanthony-gabriel@example.org;Odio;8;359.81;2878.48
4606686;2026-02-06;Dr. Nicolas Macedo;marinamonteiro@example.org;Atque;19;340.23;6464.37
5848470;2026-02-08;Eduarda Fernandes;aguerra@example.net;Unde;18;366.78;6602.04
4584802;2026-07-04;Sra. Luísa Viana;salestheo@example.com;Facere;4;334.89;1339.56
9807465;2025-03-05;Valentina Sampaio;moraesana-cecilia@example.net;Quod;10;254.04;2540.40
3321508;2025-08-28;Dr. João Gabriel Fogaça;paulo83@example.org;Neque;8;53.23;425.84
7723488;2026-02-10;Luiz Miguel Cunha;santosmateus@example.com;Tempore;6;18.73;112.38
2403112;2024-11-07;Bella Almeida;luccarezende@example.net;Aut;11;236.34;2599.74
5925048;2025-06-18;Caleb Azevedo;hnovais@example.net;Voluptatum;15;195.52;2932.80
6805288;2026-09-07;Camila Viana;zabreu@example.org;Possimus;10;73.51;735.10
2551215;2025-09-04;Maria Liz Montenegro;gsiqueira@example.net;Quidem;12;33.83;405.96
